datetime_UTC,resolutioncode,mapcode,storedenergy,storedenergy_endofweek,storedenergy_delta,actualgenerationoutput,inflows_temp,inflows_MWh,inflows_MW
2014-12-08 00:00:00+00:00,,,,,,,,,
2014-12-15 00:00:00+00:00,P7D,FR,2761903.0,2766707.0,4804.0,56839.0,61643.0,61643.0,366.92261904761904
2014-12-22 00:00:00+00:00,P7D,FR,2766707.0,2737368.0,-29339.0,428610.0,399271.0,399271.0,2376.6130952380954
2014-12-29 00:00:00+00:00,P7D,FR,2737368.0,2648112.0,-89256.0,346043.0,256787.0,256787.0,1528.4940476190477
2015-01-05 00:00:00+00:00,P7D,FR,2648112.0,2622624.0,-25488.0,442635.0,417147.0,417147.0,2483.0178571428573
2015-01-12 00:00:00+00:00,P7D,FR,2622624.0,2456362.0,-166262.0,404306.0,238044.0,238044.0,1416.9285714285713
2015-01-19 00:00:00+00:00,P7D,FR,2456362.0,2289749.0,-166613.0,502011.0,335398.0,335398.0,1996.4166666666667
2015-01-26 00:00:00+00:00,P7D,FR,2289749.0,2121193.0,-168556.0,596740.0,428184.0,428184.0,2548.714285714286
2015-02-02 00:00:00+00:00,P7D,FR,2121193.0,1832396.0,-288797.0,517309.0,228512.0,228512.0,1360.1904761904761
2015-02-09 00:00:00+00:00,P7D,FR,1832396.0,1642339.0,-190057.0,740115.0,550058.0,550058.0,3274.154761904762
2015-02-16 00:00:00+00:00,P7D,FR,1642339.0,1498497.0,-143842.0,573306.0,429464.0,429464.0,2556.3333333333335
2015-02-23 00:00:00+00:00,P7D,FR,1498497.0,1632116.0,133619.0,526088.0,659707.0,659707.0,3926.8273809523807
2015-03-02 00:00:00+00:00,P7D,FR,1632116.0,1314307.0,-317809.0,482206.0,164397.0,164397.0,978.5535714285714
2015-03-09 00:00:00+00:00,P7D,FR,1314307.0,1211849.0,-102458.0,486963.0,384505.0,384505.0,2288.720238095238
2015-03-16 00:00:00+00:00,P7D,FR,1211849.0,1111858.0,-99991.0,430238.0,330247.0,330247.0,1965.7559523809523
2015-03-23 00:00:00+00:00,P7D,FR,1111858.0,1112498.0,640.0,371711.0,372351.0,372351.0,2216.375
2015-03-30 00:00:00+00:00,P7D,FR,1112498.0,1120162.0,7664.0,291122.0,298786.0,298786.0,1778.4880952380952
2015-04-06 00:00:00+00:00,P7D,FR,1120162.0,1134908.0,14746.0,279179.0,293925.0,293925.0,1749.5535714285713
2015-04-13 00:00:00+00:00,P7D,FR,1134908.0,1191820.0,56912.0,236920.0,293832.0,293832.0,1749.0
2015-04-20 00:00:00+00:00,P7D,FR,1191820.0,1254809.0,62989.0,259827.0,322816.0,322816.0,1921.5238095238096
2015-04-27 00:00:00+00:00,P7D,FR,1254809.0,1518660.0,263851.0,222371.0,486222.0,486222.0,2894.1785714285716
2015-05-04 00:00:00+00:00,P7D,FR,1518660.0,1720675.0,202015.0,299898.0,501913.0,501913.0,2987.5773809523807
2015-05-11 00:00:00+00:00,P7D,FR,1720675.0,1917460.0,196785.0,307221.0,504006.0,504006.0,3000.035714285714
2015-05-18 00:00:00+00:00,P7D,FR,1917460.0,1916174.0,-1286.0,287618.0,286332.0,286332.0,1704.357142857143
2015-05-25 00:00:00+00:00,P7D,FR,1916174.0,2052323.0,136149.0,301996.0,438145.0,438145.0,2608.0059523809523
2015-06-01 00:00:00+00:00,P7D,FR,2052323.0,2229232.0,176909.0,282342.0,459251.0,459251.0,2733.6369047619046
2015-06-08 00:00:00+00:00,P7D,FR,2229232.0,2405020.0,175788.0,265227.0,441015.0,441015.0,2625.089285714286
2015-06-15 00:00:00+00:00,P7D,FR,2405020.0,2498453.0,93433.0,325407.0,418840.0,418840.0,2493.095238095238
2015-06-22 00:00:00+00:00,P7D,FR,2498453.0,2492731.0,-5722.0,360791.0,355069.0,355069.0,2113.5059523809523
2015-06-29 00:00:00+00:00,P7D,FR,2492731.0,2532015.0,39284.0,320505.0,359789.0,359789.0,2141.6011904761904
2015-07-06 00:00:00+00:00,P7D,FR,2532015.0,2555627.0,23612.0,274039.0,297651.0,297651.0,1771.732142857143
2015-07-13 00:00:00+00:00,P7D,FR,2555627.0,2543616.0,-12011.0,232451.0,220440.0,220440.0,1312.142857142857
2015-07-20 00:00:00+00:00,P7D,FR,2543616.0,2573500.0,29884.0,234095.0,263979.0,263979.0,1571.3035714285713
2015-07-27 00:00:00+00:00,P7D,FR,2573500.0,2610486.0,36986.0,171039.0,208025.0,208025.0,1238.2440476190477
2015-08-03 00:00:00+00:00,P7D,FR,2610486.0,2638154.0,27668.0,143601.0,171269.0,171269.0,1019.4583333333334
2015-08-10 00:00:00+00:00,P7D,FR,2638154.0,2683473.0,45319.0,171979.0,217298.0,217298.0,1293.4404761904761
2015-08-17 00:00:00+00:00,P7D,FR,2683473.0,2707234.0,23761.0,139122.0,162883.0,162883.0,969.5416666666666
2015-08-24 00:00:00+00:00,P7D,FR,2707234.0,2670356.0,-36878.0,141146.0,104268.0,104268.0,620.6428571428571
2015-08-31 00:00:00+00:00,P7D,FR,2670356.0,2656060.0,-14296.0,224352.0,210056.0,210056.0,1250.3333333333333
2015-09-07 00:00:00+00:00,P7D,FR,2656060.0,2653075.0,-2985.0,203931.0,200946.0,200946.0,1196.107142857143
2015-09-14 00:00:00+00:00,P7D,FR,2653075.0,2680678.0,27603.0,231806.0,259409.0,259409.0,1544.1011904761904
2015-09-21 00:00:00+00:00,P7D,FR,2680678.0,2644538.0,-36140.0,220608.0,184468.0,184468.0,1098.0238095238096
2015-09-28 00:00:00+00:00,P7D,FR,2644538.0,2621532.0,-23006.0,198278.0,175272.0,175272.0,1043.2857142857142
2015-10-05 00:00:00+00:00,P7D,FR,2621532.0,2591506.0,-30026.0,232613.0,202587.0,202587.0,1205.875
2015-10-12 00:00:00+00:00,P7D,FR,2591506.0,2493778.0,-97728.0,245070.0,147342.0,147342.0,877.0357142857143
2015-10-19 00:00:00+00:00,P7D,FR,2493778.0,2409220.0,-84558.0,298970.0,214412.0,214412.0,1276.2619047619048
2015-10-26 00:00:00+00:00,P7D,FR,2409220.0,2394525.0,-14695.0,269054.0,254359.0,254359.0,1514.0416666666667
2015-11-02 00:00:00+00:00,P7D,FR,2394525.0,2392543.0,-1982.0,244899.0,242917.0,242917.0,1445.9345238095239
2015-11-09 00:00:00+00:00,P7D,FR,2392543.0,2344375.0,-48168.0,193571.0,145403.0,145403.0,865.4940476190476
2015-11-16 00:00:00+00:00,P7D,FR,2344375.0,2287176.0,-57199.0,172570.0,115371.0,115371.0,686.7321428571429
2015-11-23 00:00:00+00:00,P7D,FR,2287176.0,2249053.0,-38123.0,226339.0,188216.0,188216.0,1120.3333333333333
2015-11-30 00:00:00+00:00,P7D,FR,2249053.0,2214811.0,-34242.0,294412.0,260170.0,260170.0,1548.6309523809523
2015-12-07 00:00:00+00:00,P7D,FR,2214811.0,2108071.0,-106740.0,231601.0,124861.0,124861.0,743.2202380952381
2015-12-14 00:00:00+00:00,P7D,FR,2108071.0,2064510.0,-43561.0,279591.0,236030.0,236030.0,1404.9404761904761
2015-12-21 00:00:00+00:00,P7D,FR,2064510.0,2031601.0,-32909.0,192016.0,159107.0,159107.0,947.0654761904761
2015-12-28 00:00:00+00:00,P7D,FR,2031601.0,1978425.0,-53176.0,110961.0,57785.0,57785.0,343.9583333333333
2016-01-04 00:00:00+00:00,P7D,FR,1978425.0,2042176.0,63751.0,127193.0,190944.0,190944.0,1136.5714285714287
2016-01-11 00:00:00+00:00,P7D,FR,2042176.0,1893646.0,-148530.0,241545.0,93015.0,93015.0,553.6607142857143
2016-01-18 00:00:00+00:00,P7D,FR,1893646.0,1812965.0,-80681.0,343740.0,263059.0,263059.0,1565.827380952381
2016-01-25 00:00:00+00:00,P7D,FR,1812965.0,1808771.0,-4194.0,391870.0,387676.0,387676.0,2307.595238095238
2016-02-01 00:00:00+00:00,P7D,FR,1808771.0,1748370.0,-60401.0,214731.0,154330.0,154330.0,918.6309523809524
2016-02-08 00:00:00+00:00,P7D,FR,1748370.0,1645290.0,-103080.0,328511.0,225431.0,225431.0,1341.8511904761904
2016-02-15 00:00:00+00:00,P7D,FR,1645290.0,1523088.0,-122202.0,524857.0,402655.0,402655.0,2396.7559523809523
2016-02-22 00:00:00+00:00,P7D,FR,1523088.0,1368108.0,-154980.0,461143.0,306163.0,306163.0,1822.3988095238096
2016-02-29 00:00:00+00:00,P7D,FR,1368108.0,1308303.0,-59805.0,468413.0,408608.0,408608.0,2432.190476190476
2016-03-07 00:00:00+00:00,P7D,FR,1308303.0,1165647.0,-142656.0,438260.0,295604.0,295604.0,1759.547619047619
2016-03-14 00:00:00+00:00,P7D,FR,1165647.0,1032395.0,-133252.0,419414.0,286162.0,286162.0,1703.345238095238
2016-03-21 00:00:00+00:00,P7D,FR,1032395.0,993525.0,-38870.0,439209.0,400339.0,400339.0,2382.970238095238
2016-03-28 00:00:00+00:00,P7D,FR,993525.0,1023632.0,30107.0,303124.0,333231.0,333231.0,1983.517857142857
2016-04-04 00:00:00+00:00,P7D,FR,1023632.0,1039776.0,16144.0,367989.0,384133.0,384133.0,2286.5059523809523
2016-04-11 00:00:00+00:00,P7D,FR,1039776.0,1087120.0,47344.0,340616.0,387960.0,387960.0,2309.285714285714
2016-04-18 00:00:00+00:00,P7D,FR,1087120.0,1079049.0,-8071.0,351400.0,343329.0,343329.0,2043.625
2016-04-25 00:00:00+00:00,P7D,FR,1079049.0,1078797.0,-252.0,309927.0,309675.0,309675.0,1843.3035714285713
2016-05-02 00:00:00+00:00,P7D,FR,1078797.0,1190531.0,111734.0,266619.0,378353.0,378353.0,2252.1011904761904
2016-05-09 00:00:00+00:00,P7D,FR,1190531.0,1355507.0,164976.0,191986.0,356962.0,356962.0,2124.7738095238096
2016-05-16 00:00:00+00:00,P7D,FR,1355507.0,1498294.0,142787.0,227315.0,370102.0,370102.0,2202.9880952380954
2016-05-23 00:00:00+00:00,P7D,FR,1498294.0,1723111.0,224817.0,202061.0,426878.0,426878.0,2540.940476190476
2016-05-30 00:00:00+00:00,P7D,FR,1723111.0,1902719.0,179608.0,228992.0,408600.0,408600.0,2432.1428571428573
2016-06-06 00:00:00+00:00,P7D,FR,1902719.0,2131614.0,228895.0,333403.0,562298.0,562298.0,3347.0119047619046
2016-06-13 00:00:00+00:00,P7D,FR,2131614.0,2271954.0,140340.0,341907.0,482247.0,482247.0,2870.5178571428573
2016-06-20 00:00:00+00:00,P7D,FR,2271954.0,2424740.0,152786.0,322046.0,474832.0,474832.0,2826.3809523809523
2016-06-27 00:00:00+00:00,P7D,FR,2424740.0,2595652.0,170912.0,397869.0,568781.0,568781.0,3385.6011904761904
2016-07-04 00:00:00+00:00,P7D,FR,2595652.0,2689942.0,94290.0,320198.0,414488.0,414488.0,2467.190476190476
2016-07-11 00:00:00+00:00,P7D,FR,2689942.0,2746988.0,57046.0,273671.0,330717.0,330717.0,1968.5535714285713
2016-07-18 00:00:00+00:00,P7D,FR,2746988.0,2774693.0,27705.0,241204.0,268909.0,268909.0,1600.6488095238096
2016-07-25 00:00:00+00:00,P7D,FR,2774693.0,2815144.0,40451.0,244471.0,284922.0,284922.0,1695.9642857142858
2016-08-01 00:00:00+00:00,P7D,FR,2815144.0,2845905.0,30761.0,231240.0,262001.0,262001.0,1559.529761904762
2016-08-08 00:00:00+00:00,P7D,FR,2845905.0,2843018.0,-2887.0,192392.0,189505.0,189505.0,1128.0059523809523
2016-08-15 00:00:00+00:00,P7D,FR,2843018.0,2826938.0,-16080.0,183939.0,167859.0,167859.0,999.1607142857143
2016-08-22 00:00:00+00:00,P7D,FR,2826938.0,2746637.0,-80301.0,175826.0,95525.0,95525.0,568.6011904761905
2016-08-29 00:00:00+00:00,P7D,FR,2746637.0,2675879.0,-70758.0,243053.0,172295.0,172295.0,1025.5654761904761
2016-09-05 00:00:00+00:00,P7D,FR,2675879.0,2580900.0,-94979.0,229231.0,134252.0,134252.0,799.1190476190476
2016-09-12 00:00:00+00:00,P7D,FR,2580900.0,2606349.0,25449.0,223867.0,249316.0,249316.0,1484.0238095238096
2016-09-19 00:00:00+00:00,P7D,FR,2606349.0,2512710.0,-93639.0,184335.0,90696.0,90696.0,539.8571428571429
2016-09-26 00:00:00+00:00,P7D,FR,2512710.0,2454430.0,-58280.0,241359.0,183079.0,183079.0,1089.7559523809523
2016-10-03 00:00:00+00:00,P7D,FR,2454430.0,2321294.0,-133136.0,226997.0,93861.0,93861.0,558.6964285714286
2016-10-10 00:00:00+00:00,P7D,FR,2321294.0,2262240.0,-59054.0,189068.0,130014.0,130014.0,773.8928571428571
2016-10-17 00:00:00+00:00,P7D,FR,2262240.0,2211351.0,-50889.0,254956.0,204067.0,204067.0,1214.6845238095239
2016-10-24 00:00:00+00:00,P7D,FR,2211351.0,2271496.0,60145.0,235024.0,295169.0,295169.0,1756.9583333333333
2016-10-31 00:00:00+00:00,P7D,FR,2271496.0,2313148.0,41652.0,128332.0,169984.0,169984.0,1011.8095238095239
2016-11-07 00:00:00+00:00,P7D,FR,2313148.0,2333679.0,20531.0,119857.0,140388.0,140388.0,835.6428571428571
2016-11-14 00:00:00+00:00,P7D,FR,2333679.0,2455207.0,121528.0,160758.0,282286.0,282286.0,1680.2738095238096
2016-11-21 00:00:00+00:00,P7D,FR,2455207.0,2486202.0,30995.0,167124.0,198119.0,198119.0,1179.279761904762
2016-11-28 00:00:00+00:00,P7D,FR,2486202.0,2388603.0,-97599.0,238341.0,140742.0,140742.0,837.75
2016-12-05 00:00:00+00:00,P7D,FR,2388603.0,2256174.0,-132429.0,318509.0,186080.0,186080.0,1107.6190476190477
2016-12-12 00:00:00+00:00,P7D,FR,2256174.0,2066183.0,-189991.0,338778.0,148787.0,148787.0,885.6369047619048
2016-12-19 00:00:00+00:00,P7D,FR,2066183.0,1978452.0,-87731.0,392405.0,304674.0,304674.0,1813.5357142857142
2016-12-26 00:00:00+00:00,P7D,FR,1978452.0,1731080.0,-247372.0,364955.0,117583.0,117583.0,699.8988095238095
2017-01-02 00:00:00+00:00,P7D,FR,1731080.0,1506079.0,-225001.0,457703.0,232702.0,232702.0,1385.1309523809523
2017-01-09 00:00:00+00:00,P7D,FR,1506079.0,1352500.0,-153579.0,506763.0,353184.0,353184.0,2102.285714285714
2017-01-16 00:00:00+00:00,P7D,FR,1352500.0,988159.0,-364341.0,440772.0,76431.0,76431.0,454.94642857142856
2017-01-23 00:00:00+00:00,P7D,FR,988159.0,907065.0,-81094.0,590348.0,509254.0,509254.0,3031.2738095238096
2017-01-30 00:00:00+00:00,P7D,FR,907065.0,971170.0,64105.0,414512.0,478617.0,478617.0,2848.910714285714
2017-02-06 00:00:00+00:00,P7D,FR,971170.0,937230.0,-33940.0,216340.0,182400.0,182400.0,1085.7142857142858
2017-02-13 00:00:00+00:00,P7D,FR,937230.0,935748.0,-1482.0,290515.0,289033.0,289033.0,1720.4345238095239
2017-02-20 00:00:00+00:00,P7D,FR,935748.0,843774.0,-91974.0,226643.0,134669.0,134669.0,801.6011904761905
2017-02-27 00:00:00+00:00,P7D,FR,843774.0,856354.0,12580.0,199009.0,211589.0,211589.0,1259.4583333333333
2017-03-06 00:00:00+00:00,P7D,FR,856354.0,873142.0,16788.0,238679.0,255467.0,255467.0,1520.6369047619048
2017-03-13 00:00:00+00:00,P7D,FR,873142.0,851557.0,-21585.0,266068.0,244483.0,244483.0,1455.2559523809523
2017-03-20 00:00:00+00:00,P7D,FR,851557.0,841629.0,-9928.0,237062.0,227134.0,227134.0,1351.9880952380952
2017-03-27 00:00:00+00:00,P7D,FR,841629.0,839510.0,-2119.0,359288.0,357169.0,357169.0,2126.0059523809523
2017-04-03 00:00:00+00:00,P7D,FR,839510.0,858713.0,19203.0,263910.0,283113.0,283113.0,1685.1964285714287
2017-04-10 00:00:00+00:00,P7D,FR,858713.0,872913.0,14200.0,228670.0,242870.0,242870.0,1445.654761904762
2017-04-17 00:00:00+00:00,P7D,FR,872913.0,909507.0,36594.0,133781.0,170375.0,170375.0,1014.1369047619048
2017-04-24 00:00:00+00:00,P7D,FR,909507.0,926378.0,16871.0,126071.0,142942.0,142942.0,850.8452380952381
2017-05-01 00:00:00+00:00,P7D,FR,926378.0,1016298.0,89920.0,140431.0,230351.0,230351.0,1371.1369047619048
2017-05-08 00:00:00+00:00,P7D,FR,1016298.0,1169199.0,152901.0,201055.0,353956.0,353956.0,2106.8809523809523
2017-05-15 00:00:00+00:00,P7D,FR,1169199.0,1337825.0,168626.0,208893.0,377519.0,377519.0,2247.1369047619046
2017-05-22 00:00:00+00:00,P7D,FR,1337825.0,1648732.0,310907.0,237208.0,548115.0,548115.0,3262.589285714286
2017-05-29 00:00:00+00:00,P7D,FR,1648732.0,1907481.0,258749.0,326039.0,584788.0,584788.0,3480.8809523809523
2017-06-05 00:00:00+00:00,P7D,FR,1907481.0,2069304.0,161823.0,264212.0,426035.0,426035.0,2535.9226190476193
2017-06-12 00:00:00+00:00,P7D,FR,2069304.0,2246981.0,177677.0,230963.0,408640.0,408640.0,2432.3809523809523
2017-06-19 00:00:00+00:00,P7D,FR,2246981.0,2376558.0,129577.0,296240.0,425817.0,425817.0,2534.625
2017-06-26 00:00:00+00:00,P7D,FR,2376558.0,2453834.0,77276.0,225692.0,302968.0,302968.0,1803.3809523809523
2017-07-03 00:00:00+00:00,P7D,FR,2453834.0,2469901.0,16067.0,225112.0,241179.0,241179.0,1435.5892857142858
2017-07-10 00:00:00+00:00,P7D,FR,2469901.0,2472334.0,2433.0,209293.0,211726.0,211726.0,1260.2738095238096
2017-07-17 00:00:00+00:00,P7D,FR,2472334.0,2515875.0,43541.0,179597.0,223138.0,223138.0,1328.202380952381
2017-07-24 00:00:00+00:00,P7D,FR,2515875.0,2534378.0,18503.0,169503.0,188006.0,188006.0,1119.0833333333333
2017-07-31 00:00:00+00:00,P7D,FR,2534378.0,2550592.0,16214.0,173020.0,189234.0,189234.0,1126.392857142857
2017-08-07 00:00:00+00:00,P7D,FR,2550592.0,2543603.0,-6989.0,190741.0,183752.0,183752.0,1093.7619047619048
2017-08-14 00:00:00+00:00,P7D,FR,2543603.0,2523198.0,-20405.0,182377.0,161972.0,161972.0,964.1190476190476
2017-08-21 00:00:00+00:00,P7D,FR,2523198.0,2493281.0,-29917.0,171370.0,141453.0,141453.0,841.9821428571429
2017-08-28 00:00:00+00:00,P7D,FR,2493281.0,2483308.0,-9973.0,160215.0,150242.0,150242.0,894.297619047619
2017-09-04 00:00:00+00:00,P7D,FR,2483308.0,2446898.0,-36410.0,164831.0,128421.0,128421.0,764.4107142857143
2017-09-11 00:00:00+00:00,P7D,FR,2446898.0,2416702.0,-30196.0,182606.0,152410.0,152410.0,907.202380952381
2017-09-18 00:00:00+00:00,P7D,FR,2416702.0,2356294.0,-60408.0,169291.0,108883.0,108883.0,648.1130952380952
2017-09-25 00:00:00+00:00,P7D,FR,2356294.0,2309797.0,-46497.0,197451.0,150954.0,150954.0,898.5357142857143
2017-10-02 00:00:00+00:00,P7D,FR,2309797.0,2246056.0,-63741.0,182461.0,118720.0,118720.0,706.6666666666666
2017-10-09 00:00:00+00:00,P7D,FR,2246056.0,2208835.0,-37221.0,195766.0,158545.0,158545.0,943.7202380952381
2017-10-16 00:00:00+00:00,P7D,FR,2208835.0,2184170.0,-24665.0,158275.0,133610.0,133610.0,795.297619047619
2017-10-23 00:00:00+00:00,P7D,FR,2184170.0,2160397.0,-23773.0,145363.0,121590.0,121590.0,723.75
2017-10-30 00:00:00+00:00,P7D,FR,2160397.0,2079340.0,-81057.0,147621.0,66564.0,66564.0,396.2142857142857
2017-11-06 00:00:00+00:00,P7D,FR,2079340.0,1987997.0,-91343.0,180415.0,89072.0,89072.0,530.1904761904761
2017-11-13 00:00:00+00:00,P7D,FR,1987997.0,1861449.0,-126548.0,274112.0,147564.0,147564.0,878.3571428571429
2017-11-20 00:00:00+00:00,P7D,FR,1861449.0,1786793.0,-74656.0,303391.0,228735.0,228735.0,1361.517857142857
2017-11-27 00:00:00+00:00,,,,,,,,285150.0,1697.3214285714287
2017-12-04 00:00:00+00:00,P7D,FR,1535027.0,1497896.0,-37131.0,378696.0,341565.0,341565.0,2033.125
2017-12-11 00:00:00+00:00,P7D,FR,1497896.0,1464078.0,-33818.0,340204.0,306386.0,306386.0,1823.7261904761904
2017-12-18 00:00:00+00:00,P7D,FR,1464078.0,1493019.0,28941.0,294498.0,323439.0,323439.0,1925.232142857143
2017-12-25 00:00:00+00:00,P7D,FR,1493019.0,1577489.0,84470.0,188067.0,272537.0,272537.0,1622.2440476190477
2018-01-01 00:00:00+00:00,P7D,FR,1577489.0,1719409.0,141920.0,190111.0,332031.0,332031.0,1976.375
2018-01-08 00:00:00+00:00,P7D,FR,1719409.0,1660658.0,-58751.0,332921.0,274170.0,274170.0,1631.9642857142858
2018-01-15 00:00:00+00:00,P7D,FR,1660658.0,1704964.0,44306.0,402669.0,446975.0,446975.0,2660.565476190476
2018-01-22 00:00:00+00:00,P7D,FR,1704964.0,1639471.0,-65493.0,440770.0,375277.0,375277.0,2233.7916666666665
2018-01-29 00:00:00+00:00,P7D,FR,1639471.0,1416974.0,-222497.0,524719.0,302222.0,302222.0,1798.9404761904761
2018-02-05 00:00:00+00:00,P7D,FR,1416974.0,1194343.0,-222631.0,525779.0,303148.0,303148.0,1804.452380952381
2018-02-12 00:00:00+00:00,P7D,FR,1194343.0,1101070.0,-93273.0,587177.0,493904.0,493904.0,2939.904761904762
2018-02-19 00:00:00+00:00,P7D,FR,1101070.0,812004.0,-289066.0,469666.0,180600.0,180600.0,1075.0
2018-02-26 00:00:00+00:00,P7D,FR,812004.0,665128.0,-146876.0,563093.0,416217.0,416217.0,2477.4821428571427
2018-03-05 00:00:00+00:00,P7D,FR,665128.0,703526.0,38398.0,592358.0,630756.0,630756.0,3754.5
2018-03-12 00:00:00+00:00,P7D,FR,703526.0,643391.0,-60135.0,368919.0,308784.0,308784.0,1838.0
2018-03-19 00:00:00+00:00,P7D,FR,643391.0,586044.0,-57347.0,382526.0,325179.0,325179.0,1935.5892857142858
2018-03-26 00:00:00+00:00,P7D,FR,586044.0,597380.0,11336.0,434839.0,446175.0,446175.0,2655.8035714285716
2018-04-02 00:00:00+00:00,P7D,FR,597380.0,616931.0,19551.0,349166.0,368717.0,368717.0,2194.7440476190477
2018-04-09 00:00:00+00:00,P7D,FR,616931.0,642271.0,25340.0,329317.0,354657.0,354657.0,2111.0535714285716
2018-04-16 00:00:00+00:00,P7D,FR,642271.0,811033.0,168762.0,397203.0,565965.0,565965.0,3368.839285714286
2018-04-23 00:00:00+00:00,P7D,FR,811033.0,1002365.0,191332.0,351949.0,543281.0,543281.0,3233.815476190476
2018-04-30 00:00:00+00:00,P7D,FR,1002365.0,1101932.0,99567.0,329086.0,428653.0,428653.0,2551.5059523809523
2018-05-07 00:00:00+00:00,P7D,FR,1101932.0,1327826.0,225894.0,378097.0,603991.0,603991.0,3595.184523809524
2018-05-14 00:00:00+00:00,P7D,FR,1327826.0,1497111.0,169285.0,371927.0,541212.0,541212.0,3221.5
2018-05-21 00:00:00+00:00,P7D,FR,1497111.0,1791003.0,293892.0,346290.0,640182.0,640182.0,3810.6071428571427
2018-05-28 00:00:00+00:00,P7D,FR,1791003.0,2062657.0,271654.0,405511.0,677165.0,677165.0,4030.7440476190477
2018-06-04 00:00:00+00:00,P7D,FR,2062657.0,2343672.0,281015.0,431899.0,712914.0,712914.0,4243.535714285715
2018-06-11 00:00:00+00:00,P7D,FR,2343672.0,2562038.0,218366.0,450699.0,669065.0,669065.0,3982.529761904762
2018-06-18 00:00:00+00:00,P7D,FR,2562038.0,2685251.0,123213.0,432919.0,556132.0,556132.0,3310.309523809524
2018-06-25 00:00:00+00:00,P7D,FR,2685251.0,2829080.0,143829.0,441952.0,585781.0,585781.0,3486.7916666666665
2018-07-02 00:00:00+00:00,P7D,FR,2829080.0,2807415.0,-21665.0,402835.0,381170.0,381170.0,2268.8690476190477
2018-07-09 00:00:00+00:00,P7D,FR,2807415.0,2788177.0,-19238.0,359269.0,340031.0,340031.0,2023.9940476190477
2018-07-16 00:00:00+00:00,P7D,FR,2788177.0,2800440.0,12263.0,330443.0,342706.0,342706.0,2039.9166666666667
2018-07-23 00:00:00+00:00,P7D,FR,2800440.0,2817640.0,17200.0,313871.0,331071.0,331071.0,1970.6607142857142
2018-07-30 00:00:00+00:00,P7D,FR,2817640.0,2837239.0,19599.0,316221.0,335820.0,335820.0,1998.9285714285713
2018-08-06 00:00:00+00:00,P7D,FR,2837239.0,2869444.0,32205.0,292555.0,324760.0,324760.0,1933.095238095238
2018-08-13 00:00:00+00:00,P7D,FR,2869444.0,2837907.0,-31537.0,196176.0,164639.0,164639.0,979.9940476190476
2018-08-20 00:00:00+00:00,P7D,FR,2837907.0,2778684.0,-59223.0,221624.0,162401.0,162401.0,966.672619047619
2018-08-27 00:00:00+00:00,P7D,FR,2778684.0,2718547.0,-60137.0,235408.0,175271.0,175271.0,1043.279761904762
2018-09-03 00:00:00+00:00,P7D,FR,2718547.0,2678886.0,-39661.0,209078.0,169417.0,169417.0,1008.4345238095239
2018-09-10 00:00:00+00:00,P7D,FR,2678886.0,2632172.0,-46714.0,203659.0,156945.0,156945.0,934.1964285714286
2018-09-17 00:00:00+00:00,P7D,FR,2632172.0,2588940.0,-43232.0,224202.0,180970.0,180970.0,1077.202380952381
2018-09-24 00:00:00+00:00,P7D,FR,2588940.0,2533385.0,-55555.0,189725.0,134170.0,134170.0,798.6309523809524
2018-10-01 00:00:00+00:00,P7D,FR,2533385.0,2476781.0,-56604.0,204178.0,147574.0,147574.0,878.4166666666666
2018-10-08 00:00:00+00:00,P7D,FR,2476781.0,2504641.0,27860.0,181116.0,208976.0,208976.0,1243.904761904762
2018-10-15 00:00:00+00:00,P7D,FR,2504641.0,2474033.0,-30608.0,175651.0,145043.0,145043.0,863.3511904761905
2018-10-22 00:00:00+00:00,P7D,FR,2474033.0,2418967.0,-55066.0,182076.0,127010.0,127010.0,756.0119047619048
2018-10-29 00:00:00+00:00,P7D,FR,2418967.0,2457273.0,38306.0,241718.0,280024.0,280024.0,1666.8095238095239
2018-11-05 00:00:00+00:00,P7D,FR,2457273.0,2472229.0,14956.0,223389.0,238345.0,238345.0,1418.720238095238
2018-11-12 00:00:00+00:00,P7D,FR,2472229.0,2331922.0,-140307.0,244515.0,104208.0,104208.0,620.2857142857143
2018-11-19 00:00:00+00:00,P7D,FR,2331922.0,2227100.0,-104822.0,331995.0,227173.0,227173.0,1352.220238095238
2018-11-26 00:00:00+00:00,P7D,FR,2227100.0,2232914.0,5814.0,399174.0,404988.0,404988.0,2410.6428571428573
2018-12-03 00:00:00+00:00,P7D,FR,2232914.0,2230364.0,-2550.0,255529.0,252979.0,252979.0,1505.827380952381
2018-12-10 00:00:00+00:00,P7D,FR,2230364.0,2085932.0,-144432.0,222677.0,78245.0,78245.0,465.7440476190476
2018-12-17 00:00:00+00:00,P7D,FR,2085932.0,2164121.0,78189.0,383201.0,461390.0,461390.0,2746.3690476190477
2018-12-24 00:00:00+00:00,P7D,FR,2164121.0,2186488.0,22367.0,269762.0,292129.0,292129.0,1738.8630952380952
2018-12-31 00:00:00+00:00,P7D,FR,2186488.0,2055622.0,-130866.0,185869.0,55003.0,55003.0,327.3988095238095
2019-01-07 00:00:00+00:00,P7D,FR,2055622.0,1931241.0,-124381.0,218657.0,94276.0,94276.0,561.1666666666666
2019-01-14 00:00:00+00:00,P7D,FR,1931241.0,1750281.0,-180960.0,331173.0,150213.0,150213.0,894.125
2019-01-21 00:00:00+00:00,P7D,FR,1750281.0,1591274.0,-159007.0,359272.0,200265.0,200265.0,1192.0535714285713
2019-01-28 00:00:00+00:00,P7D,FR,1591274.0,1474810.0,-116464.0,403980.0,287516.0,287516.0,1711.404761904762
2019-02-04 00:00:00+00:00,P7D,FR,1474810.0,1446619.0,-28191.0,394209.0,366018.0,366018.0,2178.6785714285716
2019-02-11 00:00:00+00:00,P7D,FR,1446619.0,1319494.0,-127125.0,301986.0,174861.0,174861.0,1040.8392857142858
2019-02-18 00:00:00+00:00,P7D,FR,1319494.0,1227480.0,-92014.0,335507.0,243493.0,243493.0,1449.3630952380952
2019-02-25 00:00:00+00:00,P7D,FR,1227480.0,1161979.0,-65501.0,338375.0,272874.0,272874.0,1624.25
2019-03-04 00:00:00+00:00,P7D,FR,1161979.0,1157528.0,-4451.0,265558.0,261107.0,261107.0,1554.2083333333333
2019-03-11 00:00:00+00:00,P7D,FR,1157528.0,1135050.0,-22478.0,241365.0,218887.0,218887.0,1302.8988095238096
2019-03-18 00:00:00+00:00,P7D,FR,1135050.0,1064149.0,-70901.0,268233.0,197332.0,197332.0,1174.595238095238
2019-03-25 00:00:00+00:00,P7D,FR,1064149.0,984486.0,-79663.0,226618.0,146955.0,146955.0,874.7321428571429
2019-04-01 00:00:00+00:00,P7D,FR,984486.0,932025.0,-52461.0,222682.0,170221.0,170221.0,1013.2202380952381
2019-04-08 00:00:00+00:00,P7D,FR,932025.0,921232.0,-10793.0,285180.0,274387.0,274387.0,1633.2559523809523
2019-04-15 00:00:00+00:00,P7D,FR,921232.0,1004280.0,83048.0,200628.0,283676.0,283676.0,1688.547619047619
2019-04-22 00:00:00+00:00,P7D,FR,1004280.0,1112875.0,108595.0,182049.0,290644.0,290644.0,1730.0238095238096
2019-04-29 00:00:00+00:00,P7D,FR,1112875.0,1130279.0,17404.0,214772.0,232176.0,232176.0,1382.0
2019-05-06 00:00:00+00:00,P7D,FR,1130279.0,1254728.0,124449.0,203997.0,328446.0,328446.0,1955.0357142857142
2019-05-13 00:00:00+00:00,P7D,FR,1254728.0,1324928.0,70200.0,205673.0,275873.0,275873.0,1642.1011904761904
2019-05-20 00:00:00+00:00,P7D,FR,1324928.0,1481998.0,157070.0,201334.0,358404.0,358404.0,2133.3571428571427
2019-05-27 00:00:00+00:00,P7D,FR,1481998.0,1701147.0,219149.0,223915.0,443064.0,443064.0,2637.285714285714
2019-06-03 00:00:00+00:00,P7D,FR,1701147.0,1959725.0,258578.0,237319.0,495897.0,495897.0,2951.7678571428573
2019-06-10 00:00:00+00:00,P7D,FR,1959725.0,2172242.0,212517.0,215299.0,427816.0,427816.0,2546.5238095238096
2019-06-17 00:00:00+00:00,P7D,FR,2172242.0,2394994.0,222752.0,245236.0,467988.0,467988.0,2785.6428571428573
2019-06-24 00:00:00+00:00,P7D,FR,2394994.0,2572658.0,177664.0,237495.0,415159.0,415159.0,2471.184523809524
2019-07-01 00:00:00+00:00,P7D,FR,2572658.0,2673159.0,100501.0,251604.0,352105.0,352105.0,2095.8630952380954
2019-07-08 00:00:00+00:00,P7D,FR,2673159.0,2690219.0,17060.0,227058.0,244118.0,244118.0,1453.0833333333333
2019-07-15 00:00:00+00:00,P7D,FR,2690219.0,2697155.0,6936.0,198919.0,205855.0,205855.0,1225.327380952381
2019-07-22 00:00:00+00:00,P7D,FR,2697155.0,2742271.0,45116.0,198660.0,243776.0,243776.0,1451.047619047619
2019-07-29 00:00:00+00:00,P7D,FR,2742271.0,2749841.0,7570.0,208148.0,215718.0,215718.0,1284.0357142857142
2019-08-05 00:00:00+00:00,P7D,FR,2749841.0,2762882.0,13041.0,175057.0,188098.0,188098.0,1119.6309523809523
2019-08-12 00:00:00+00:00,P7D,FR,2762882.0,2777986.0,15104.0,186706.0,201810.0,201810.0,1201.25
2019-08-19 00:00:00+00:00,P7D,FR,2777986.0,2760250.0,-17736.0,170859.0,153123.0,153123.0,911.4464285714286
2019-08-26 00:00:00+00:00,P7D,FR,2760250.0,2718854.0,-41396.0,185155.0,143759.0,143759.0,855.7083333333334
2019-09-02 00:00:00+00:00,P7D,FR,2718854.0,2689334.0,-29520.0,191311.0,161791.0,161791.0,963.0416666666666
2019-09-16 00:00:00+00:00,P7D,FR,2689334.0,2650572.0,-38762.0,146497.0,107735.0,107735.0,641.2797619047619
2019-09-23 00:00:00+00:00,P7D,FR,2650572.0,2648638.0,-1934.0,126840.0,124906.0,124906.0,743.4880952380952
2019-09-30 00:00:00+00:00,P7D,FR,2648638.0,2625151.0,-23487.0,125667.0,102180.0,102180.0,608.2142857142857
2019-10-07 00:00:00+00:00,P7D,FR,2625151.0,2649054.0,23903.0,103746.0,127649.0,127649.0,759.8154761904761
2019-10-14 00:00:00+00:00,P7D,FR,2649054.0,2771196.0,122142.0,80677.0,202819.0,202819.0,1207.2559523809523
2019-10-21 00:00:00+00:00,P7D,FR,2771196.0,2851394.0,80198.0,141787.0,221985.0,221985.0,1321.3392857142858
2019-10-28 00:00:00+00:00,P7D,FR,2851394.0,2986771.0,135377.0,219764.0,355141.0,355141.0,2113.934523809524
2019-11-04 00:00:00+00:00,P7D,FR,2986771.0,2954760.0,-32011.0,255648.0,223637.0,223637.0,1331.172619047619
2019-11-11 00:00:00+00:00,P7D,FR,2954760.0,2792032.0,-162728.0,403713.0,240985.0,240985.0,1434.4345238095239
2019-11-18 00:00:00+00:00,P7D,FR,2792032.0,2815568.0,23536.0,439718.0,463254.0,463254.0,2757.464285714286
2019-11-25 00:00:00+00:00,P7D,FR,2815568.0,2815166.0,-402.0,415427.0,415025.0,415025.0,2470.3869047619046
2019-12-02 00:00:00+00:00,P7D,FR,2815166.0,2657645.0,-157521.0,428440.0,270919.0,270919.0,1612.6130952380952
2019-12-09 00:00:00+00:00,P7D,FR,2657645.0,2652638.0,-5007.0,489038.0,484031.0,484031.0,2881.1369047619046
2019-12-16 00:00:00+00:00,P7D,FR,2652638.0,2804309.0,151671.0,568893.0,720564.0,720564.0,4289.071428571428
2019-12-23 00:00:00+00:00,P7D,FR,2804309.0,2780215.0,-24094.0,523891.0,499797.0,499797.0,2974.9821428571427
2019-12-30 00:00:00+00:00,P7D,FR,2780215.0,2742325.0,-37890.0,521338.0,483448.0,483448.0,2877.6666666666665
2020-01-06 00:00:00+00:00,P7D,FR,2742325.0,2652974.0,-89351.0,347552.0,258201.0,258201.0,1536.9107142857142
2020-01-13 00:00:00+00:00,P7D,FR,2652974.0,2426891.0,-226083.0,431821.0,205738.0,205738.0,1224.6309523809523
2020-01-20 00:00:00+00:00,P7D,FR,2426891.0,2194236.0,-232655.0,479380.0,246725.0,246725.0,1468.6011904761904
2020-01-27 00:00:00+00:00,P7D,FR,2194236.0,2214084.0,19848.0,621531.0,641379.0,641379.0,3817.7321428571427
2020-02-03 00:00:00+00:00,P7D,FR,2214084.0,2174132.0,-39952.0,393884.0,353932.0,353932.0,2106.7380952380954
2020-02-10 00:00:00+00:00,P7D,FR,2174132.0,2116585.0,-57547.0,438498.0,380951.0,380951.0,2267.565476190476
2020-02-17 00:00:00+00:00,P7D,FR,2116585.0,2008603.0,-107982.0,421670.0,313688.0,313688.0,1867.1904761904761
2020-02-24 00:00:00+00:00,P7D,FR,2008603.0,1864482.0,-144121.0,419174.0,275053.0,275053.0,1637.220238095238
2020-03-02 00:00:00+00:00,P7D,FR,1864482.0,1816423.0,-48059.0,518895.0,470836.0,470836.0,2802.595238095238
2020-03-09 00:00:00+00:00,P7D,FR,1816423.0,1779274.0,-37149.0,581037.0,543888.0,543888.0,3237.4285714285716
2020-03-16 00:00:00+00:00,P7D,FR,1779274.0,1763973.0,-15301.0,499469.0,484168.0,484168.0,2881.9523809523807
2020-03-23 00:00:00+00:00,P7D,FR,1763973.0,1614814.0,-149159.0,440420.0,291261.0,291261.0,1733.6964285714287
2020-03-30 00:00:00+00:00,P7D,FR,1614814.0,1513412.0,-101402.0,487631.0,386229.0,386229.0,2298.9821428571427
2020-04-06 00:00:00+00:00,P7D,FR,1513412.0,1551504.0,38092.0,478774.0,516866.0,516866.0,3076.5833333333335
2020-04-13 00:00:00+00:00,P7D,FR,1551504.0,1670557.0,119053.0,266759.0,385812.0,385812.0,2296.5
2020-04-20 00:00:00+00:00,P7D,FR,1670557.0,1740867.0,70310.0,273111.0,343421.0,343421.0,2044.172619047619
2020-04-27 00:00:00+00:00,P7D,FR,1740867.0,1977501.0,236634.0,260358.0,496992.0,496992.0,2958.285714285714
2020-05-04 00:00:00+00:00,P7D,FR,1977501.0,2184713.0,207212.0,245926.0,453138.0,453138.0,2697.25
2020-05-11 00:00:00+00:00,P7D,FR,2184713.0,2355412.0,170699.0,327032.0,497731.0,497731.0,2962.684523809524
2020-05-18 00:00:00+00:00,P7D,FR,2355412.0,2576537.0,221125.0,422378.0,643503.0,643503.0,3830.375
2020-05-25 00:00:00+00:00,P7D,FR,2576537.0,2698730.0,122193.0,358837.0,481030.0,481030.0,2863.2738095238096
2020-06-01 00:00:00+00:00,P7D,FR,2698730.0,2775806.0,77076.0,402047.0,479123.0,479123.0,2851.9226190476193
2020-06-08 00:00:00+00:00,P7D,FR,2775806.0,2837466.0,61660.0,429561.0,491221.0,491221.0,2923.934523809524
2020-06-15 00:00:00+00:00,P7D,FR,2837466.0,2854415.0,16949.0,432992.0,449941.0,449941.0,2678.220238095238
2020-06-22 00:00:00+00:00,P7D,FR,2854415.0,2972388.0,117973.0,363977.0,481950.0,481950.0,2868.75
2020-06-29 00:00:00+00:00,P7D,FR,2972388.0,3064947.0,92559.0,328811.0,421370.0,421370.0,2508.154761904762
2020-07-06 00:00:00+00:00,P7D,FR,3064947.0,3087938.0,22991.0,303780.0,326771.0,326771.0,1945.0654761904761
2020-07-13 00:00:00+00:00,P7D,FR,3087938.0,3088372.0,434.0,310240.0,310674.0,310674.0,1849.25
2020-07-20 00:00:00+00:00,P7D,FR,3088372.0,3100546.0,12174.0,266610.0,278784.0,278784.0,1659.4285714285713
2020-07-27 00:00:00+00:00,P7D,FR,3100546.0,3062108.0,-38438.0,226713.0,188275.0,188275.0,1120.6845238095239
2020-08-03 00:00:00+00:00,P7D,FR,3062108.0,3013309.0,-48799.0,267623.0,218824.0,218824.0,1302.5238095238096
2020-08-10 00:00:00+00:00,P7D,FR,3013309.0,2986398.0,-26911.0,236641.0,209730.0,209730.0,1248.392857142857
2020-08-17 00:00:00+00:00,P7D,FR,2986398.0,2955316.0,-31082.0,183369.0,152287.0,152287.0,906.4702380952381
2020-08-24 00:00:00+00:00,P7D,FR,2955316.0,2975651.0,20335.0,163141.0,183476.0,183476.0,1092.1190476190477
2020-08-31 00:00:00+00:00,P7D,FR,2975651.0,2929369.0,-46282.0,140195.0,93913.0,93913.0,559.0059523809524
2020-09-07 00:00:00+00:00,P7D,FR,2929369.0,2855432.0,-73937.0,149190.0,75253.0,75253.0,447.9345238095238
2020-09-14 00:00:00+00:00,P7D,FR,2855432.0,2821249.0,-34183.0,138359.0,104176.0,104176.0,620.0952380952381
2020-09-21 00:00:00+00:00,P7D,FR,2821249.0,2801270.0,-19979.0,189806.0,169827.0,169827.0,1010.875
2020-09-28 00:00:00+00:00,P7D,FR,2801270.0,2964842.0,163572.0,158978.0,322550.0,322550.0,1919.9404761904761
2020-10-05 00:00:00+00:00,P7D,FR,2964842.0,3019708.0,54866.0,259256.0,314122.0,314122.0,1869.7738095238096
2020-10-12 00:00:00+00:00,P7D,FR,3019708.0,2956736.0,-62972.0,274946.0,211974.0,211974.0,1261.75
2020-10-19 00:00:00+00:00,P7D,FR,2956736.0,3041148.0,84412.0,326261.0,410673.0,410673.0,2444.4821428571427
2020-10-26 00:00:00+00:00,P7D,FR,3041148.0,3088786.0,47638.0,280882.0,328520.0,328520.0,1955.4761904761904
2020-11-02 00:00:00+00:00,P7D,FR,3088786.0,3035130.0,-53656.0,226348.0,172692.0,172692.0,1027.9285714285713
2020-11-09 00:00:00+00:00,P7D,FR,3035130.0,3012185.0,-22945.0,306136.0,283191.0,283191.0,1685.6607142857142
2020-11-16 00:00:00+00:00,P7D,FR,3012185.0,2929262.0,-82923.0,268209.0,185286.0,185286.0,1102.892857142857
2020-11-23 00:00:00+00:00,,,,,,,,251065.5,1494.4375
2020-11-30 00:00:00+00:00,P7D,FR,2674858.0,2521048.0,-153810.0,470655.0,316845.0,316845.0,1885.982142857143
2020-12-07 00:00:00+00:00,P7D,FR,2521048.0,2454326.0,-66722.0,458169.0,391447.0,391447.0,2330.0416666666665
2020-12-14 00:00:00+00:00,P7D,FR,2454326.0,2473628.0,19302.0,427870.0,447172.0,447172.0,2661.7380952380954
2020-12-21 00:00:00+00:00,P7D,FR,2473628.0,2532396.0,58768.0,354152.0,412920.0,412920.0,2457.8571428571427
2020-12-28 00:00:00+00:00,P7D,FR,2532396.0,2407326.0,-125070.0,269543.0,144473.0,144473.0,859.9583333333334
2021-01-04 00:00:00+00:00,,,,,,,,292937.0,1743.672619047619
2021-01-11 00:00:00+00:00,P7D,FR,2081829.0,1924342.0,-157487.0,598888.0,441401.0,441401.0,2627.3869047619046
2021-01-18 00:00:00+00:00,P7D,FR,1924342.0,1772556.0,-151786.0,580909.0,429123.0,429123.0,2554.3035714285716
2021-01-25 00:00:00+00:00,P7D,FR,1772556.0,1859154.0,86598.0,553149.0,639747.0,639747.0,3808.0178571428573
2021-02-01 00:00:00+00:00,P7D,FR,1859154.0,1726279.0,-132875.0,639114.0,506239.0,506239.0,3013.3273809523807
2021-02-08 00:00:00+00:00,P7D,FR,1726279.0,1533892.0,-192387.0,598723.0,406336.0,406336.0,2418.6666666666665
2021-02-15 00:00:00+00:00,P7D,FR,1533892.0,1515570.0,-18322.0,695153.0,676831.0,676831.0,4028.7559523809523
2021-02-22 00:00:00+00:00,P7D,FR,1515570.0,1386764.0,-128806.0,453438.0,324632.0,324632.0,1932.3333333333333
2021-03-01 00:00:00+00:00,P7D,FR,1386764.0,1176034.0,-210730.0,395218.0,184488.0,184488.0,1098.142857142857
2021-03-08 00:00:00+00:00,P7D,FR,1176034.0,1154107.0,-21927.0,476940.0,455013.0,455013.0,2708.410714285714
2021-03-15 00:00:00+00:00,P7D,FR,1154107.0,994654.0,-159453.0,321576.0,162123.0,162123.0,965.0178571428571
2021-03-22 00:00:00+00:00,P7D,FR,994654.0,961615.0,-33039.0,404902.0,371863.0,371863.0,2213.470238095238
2021-03-29 00:00:00+00:00,P7D,FR,961615.0,998746.0,37131.0,276124.0,313255.0,313255.0,1864.6130952380952
2021-04-05 00:00:00+00:00,P7D,FR,998746.0,917246.0,-81500.0,186746.0,105246.0,105246.0,626.4642857142857
2021-04-12 00:00:00+00:00,P7D,FR,917246.0,874649.0,-42597.0,293331.0,250734.0,250734.0,1492.4642857142858
2021-04-19 00:00:00+00:00,P7D,FR,874649.0,940614.0,65965.0,263692.0,329657.0,329657.0,1962.2440476190477
2021-04-26 00:00:00+00:00,P7D,FR,940614.0,1047965.0,107351.0,173897.0,281248.0,281248.0,1674.095238095238
2021-05-03 00:00:00+00:00,P7D,FR,1047965.0,1231647.0,183682.0,141904.0,325586.0,325586.0,1938.0119047619048
2021-05-10 00:00:00+00:00,P7D,FR,1231647.0,1413451.0,181804.0,210596.0,392400.0,392400.0,2335.714285714286
2021-05-17 00:00:00+00:00,P7D,FR,1413451.0,1509465.0,96014.0,308277.0,404291.0,404291.0,2406.4940476190477
2021-05-24 00:00:00+00:00,P7D,FR,1509465.0,1628356.0,118891.0,326193.0,445084.0,445084.0,2649.309523809524
2021-05-31 00:00:00+00:00,P7D,FR,1628356.0,1803076.0,174720.0,349407.0,524127.0,524127.0,3119.8035714285716
2021-06-07 00:00:00+00:00,P7D,FR,1803076.0,2002076.0,199000.0,373007.0,572007.0,572007.0,3404.8035714285716
2021-06-14 00:00:00+00:00,P7D,FR,2002076.0,2183321.0,181245.0,359488.0,540733.0,540733.0,3218.6488095238096
2021-06-21 00:00:00+00:00,P7D,FR,2183321.0,2310252.0,126931.0,347743.0,474674.0,474674.0,2825.440476190476
2021-06-28 00:00:00+00:00,P7D,FR,2310252.0,2349488.0,39236.0,289427.0,328663.0,328663.0,1956.327380952381
2021-07-05 00:00:00+00:00,P7D,FR,2349488.0,2463983.0,114495.0,307658.0,422153.0,422153.0,2512.815476190476
2021-07-12 00:00:00+00:00,P7D,FR,2463983.0,2538196.0,74213.0,232607.0,306820.0,306820.0,1826.3095238095239
2021-07-19 00:00:00+00:00,P7D,FR,2538196.0,2549423.0,11227.0,292843.0,304070.0,304070.0,1809.9404761904761
2021-07-26 00:00:00+00:00,P7D,FR,2549423.0,2607829.0,58406.0,258787.0,317193.0,317193.0,1888.0535714285713
2021-08-02 00:00:00+00:00,P7D,FR,2607829.0,2658935.0,51106.0,209943.0,261049.0,261049.0,1553.8630952380952
2021-08-09 00:00:00+00:00,P7D,FR,2658935.0,2655591.0,-3344.0,187582.0,184238.0,184238.0,1096.654761904762
2021-08-16 00:00:00+00:00,P7D,FR,2655591.0,2612909.0,-42682.0,208596.0,165914.0,165914.0,987.5833333333334
2021-08-23 00:00:00+00:00,P7D,FR,2612909.0,2537592.0,-75317.0,195989.0,120672.0,120672.0,718.2857142857143
2021-08-30 00:00:00+00:00,P7D,FR,2537592.0,2471418.0,-66174.0,203829.0,137655.0,137655.0,819.375
2021-09-06 00:00:00+00:00,P7D,FR,2471418.0,2394175.0,-77243.0,212741.0,135498.0,135498.0,806.5357142857143
2021-09-13 00:00:00+00:00,P7D,FR,2394175.0,2361161.0,-33014.0,219909.0,186895.0,186895.0,1112.470238095238
2021-09-20 00:00:00+00:00,P7D,FR,2361161.0,2330764.0,-30397.0,242323.0,211926.0,211926.0,1261.4642857142858
2021-09-27 00:00:00+00:00,P7D,FR,2330764.0,2373290.0,42526.0,199533.0,242059.0,242059.0,1440.827380952381
2021-10-04 00:00:00+00:00,P7D,FR,2373290.0,2385992.0,12702.0,176524.0,189226.0,189226.0,1126.345238095238
2021-10-11 00:00:00+00:00,P7D,FR,2385992.0,2356588.0,-29404.0,204244.0,174840.0,174840.0,1040.7142857142858
2021-10-18 00:00:00+00:00,P7D,FR,2356588.0,2291919.0,-64669.0,135891.0,71222.0,71222.0,423.9404761904762
2021-10-25 00:00:00+00:00,P7D,FR,2291919.0,2349925.0,58006.0,166906.0,224912.0,224912.0,1338.7619047619048
2021-11-01 00:00:00+00:00,P7D,FR,2349925.0,2344289.0,-5636.0,143263.0,137627.0,137627.0,819.2083333333334
2021-11-08 00:00:00+00:00,P7D,FR,2344289.0,2216776.0,-127513.0,201484.0,73971.0,73971.0,440.30357142857144
2021-11-15 00:00:00+00:00,P7D,FR,2216776.0,2119853.0,-96923.0,223197.0,126274.0,126274.0,751.6309523809524
2021-11-22 00:00:00+00:00,P7D,FR,2119853.0,2024972.0,-94881.0,307997.0,213116.0,213116.0,1268.547619047619
2021-11-29 00:00:00+00:00,P7D,FR,2024972.0,2059628.0,34656.0,325508.0,360164.0,360164.0,2143.8333333333335
2021-12-06 00:00:00+00:00,P7D,FR,2059628.0,2010670.0,-48958.0,216656.0,167698.0,167698.0,998.202380952381
2021-12-13 00:00:00+00:00,P7D,FR,2010670.0,1928190.0,-82480.0,250594.0,168114.0,168114.0,1000.6785714285714
2021-12-20 00:00:00+00:00,P7D,FR,1928190.0,2029801.0,101611.0,258775.0,360386.0,360386.0,2145.154761904762
2021-12-27 00:00:00+00:00,P7D,FR,2029801.0,2152112.0,122311.0,181954.0,304265.0,304265.0,1811.1011904761904
2022-01-03 00:00:00+00:00,P7D,FR,2152112.0,2137089.0,-15023.0,269882.0,254859.0,254859.0,1517.017857142857
2022-01-10 00:00:00+00:00,P7D,FR,2137089.0,1998118.0,-138971.0,266972.0,128001.0,128001.0,761.9107142857143
2022-01-17 00:00:00+00:00,P7D,FR,1998118.0,1817029.0,-181089.0,365391.0,184302.0,184302.0,1097.0357142857142
2022-01-24 00:00:00+00:00,P7D,FR,1817029.0,1747271.0,-69758.0,289270.0,219512.0,219512.0,1306.6190476190477
2022-01-31 00:00:00+00:00,P7D,FR,1747271.0,1729375.0,-17896.0,327666.0,309770.0,309770.0,1843.8690476190477
2022-02-07 00:00:00+00:00,P7D,FR,1729375.0,1697421.0,-31954.0,126045.0,94091.0,94091.0,560.0654761904761
2022-02-14 00:00:00+00:00,P7D,FR,1697421.0,1739794.0,42373.0,165040.0,207413.0,207413.0,1234.6011904761904
2022-02-21 00:00:00+00:00,P7D,FR,1739794.0,1604668.0,-135126.0,175577.0,40451.0,40451.0,240.7797619047619
2022-02-28 00:00:00+00:00,P7D,FR,1604668.0,1420843.0,-183825.0,224223.0,40398.0,40398.0,240.46428571428572
2022-03-07 00:00:00+00:00,P7D,FR,1420843.0,1375108.0,-45735.0,291661.0,245926.0,245926.0,1463.845238095238
2022-03-14 00:00:00+00:00,P7D,FR,1375108.0,1369050.0,-6058.0,201844.0,195786.0,195786.0,1165.392857142857
2022-03-21 00:00:00+00:00,P7D,FR,1369050.0,1334846.0,-34204.0,207453.0,173249.0,173249.0,1031.2440476190477
2022-03-28 00:00:00+00:00,P7D,FR,1334846.0,1197120.0,-137726.0,162449.0,24723.0,24723.0,147.16071428571428
2022-04-04 00:00:00+00:00,P7D,FR,1197120.0,1229508.0,32388.0,266893.0,299281.0,299281.0,1781.4345238095239
2022-04-11 00:00:00+00:00,P7D,FR,1229508.0,1338623.0,109115.0,228592.0,337707.0,337707.0,2010.1607142857142
2022-04-18 00:00:00+00:00,P7D,FR,1338623.0,1380258.0,41635.0,137857.0,179492.0,179492.0,1068.404761904762
2022-04-25 00:00:00+00:00,P7D,FR,1380258.0,1418563.0,38305.0,182212.0,220517.0,220517.0,1312.6011904761904
2022-05-02 00:00:00+00:00,P7D,FR,1418563.0,1511294.0,92731.0,186522.0,279253.0,279253.0,1662.220238095238
2022-05-09 00:00:00+00:00,P7D,FR,1511294.0,1954315.0,443021.0,217159.0,660180.0,660180.0,3929.6428571428573
2022-05-23 00:00:00+00:00,P7D,FR,1954315.0,2156969.0,202654.0,195564.0,398218.0,398218.0,2370.345238095238
2022-05-30 00:00:00+00:00,P7D,FR,2156969.0,2345706.0,188737.0,154970.0,343707.0,343707.0,2045.875
2022-06-06 00:00:00+00:00,P7D,FR,2345706.0,2411291.0,65585.0,174639.0,240224.0,240224.0,1429.904761904762
2022-06-13 00:00:00+00:00,P7D,FR,2411291.0,2434351.0,23060.0,173178.0,196238.0,196238.0,1168.0833333333333
2022-06-20 00:00:00+00:00,P7D,FR,2434351.0,2482855.0,48504.0,203053.0,251557.0,251557.0,1497.3630952380952
2022-06-27 00:00:00+00:00,P7D,FR,2482855.0,2469618.0,-13237.0,207398.0,194161.0,194161.0,1155.720238095238
2022-07-04 00:00:00+00:00,P7D,FR,2469618.0,2462110.0,-7508.0,218399.0,210891.0,210891.0,1255.3035714285713
2022-07-11 00:00:00+00:00,P7D,FR,2462110.0,2382772.0,-79338.0,204801.0,125463.0,125463.0,746.8035714285714
2022-07-18 00:00:00+00:00,P7D,FR,2382772.0,2312574.0,-70198.0,224508.0,154310.0,154310.0,918.5119047619048
2022-07-25 00:00:00+00:00,P7D,FR,2312574.0,2274044.0,-38530.0,249317.0,210787.0,210787.0,1254.6845238095239
2022-08-01 00:00:00+00:00,P7D,FR,2274044.0,2280964.0,6920.0,186478.0,193398.0,193398.0,1151.1785714285713
2022-08-08 00:00:00+00:00,P7D,FR,2280964.0,2249940.0,-31024.0,163741.0,132717.0,132717.0,789.9821428571429
2022-08-15 00:00:00+00:00,P7D,FR,2249940.0,2250959.0,1019.0,147855.0,148874.0,148874.0,886.1547619047619
2022-08-22 00:00:00+00:00,P7D,FR,2250959.0,2244154.0,-6805.0,133241.0,126436.0,126436.0,752.5952380952381
2022-08-29 00:00:00+00:00,P7D,FR,2244154.0,2240533.0,-3621.0,134963.0,131342.0,131342.0,781.797619047619
2022-09-05 00:00:00+00:00,P7D,FR,2240533.0,2252727.0,12194.0,104892.0,117086.0,117086.0,696.9404761904761
2022-09-12 00:00:00+00:00,P7D,FR,2252727.0,2254828.0,2101.0,115852.0,117953.0,117953.0,702.1011904761905
2022-09-19 00:00:00+00:00,P7D,FR,2254828.0,2253974.0,-854.0,89593.0,88739.0,88739.0,528.2083333333334
2022-09-26 00:00:00+00:00,P7D,FR,2253974.0,2313405.0,59431.0,119044.0,178475.0,178475.0,1062.3511904761904
2022-10-03 00:00:00+00:00,P7D,FR,2313405.0,2320864.0,7459.0,141375.0,148834.0,148834.0,885.9166666666666
2022-10-10 00:00:00+00:00,P7D,FR,2320864.0,2315468.0,-5396.0,118154.0,112758.0,112758.0,671.1785714285714
2022-10-17 00:00:00+00:00,P7D,FR,2315468.0,2419163.0,103695.0,118684.0,222379.0,222379.0,1323.6845238095239
2022-10-24 00:00:00+00:00,P7D,FR,2419163.0,2455704.0,36541.0,122650.0,159191.0,159191.0,947.5654761904761
2022-10-31 00:00:00+00:00,P7D,FR,2455704.0,2495545.0,39841.0,93594.0,133435.0,133435.0,794.2559523809524
2022-11-07 00:00:00+00:00,P7D,FR,2495545.0,2499746.0,4201.0,82812.0,87013.0,87013.0,517.9345238095239
2022-11-14 00:00:00+00:00,P7D,FR,2499746.0,2518920.0,19174.0,127603.0,146777.0,146777.0,873.672619047619
2022-11-21 00:00:00+00:00,P7D,FR,2518920.0,2462887.0,-56033.0,134645.0,78612.0,78612.0,467.92857142857144
2022-11-28 00:00:00+00:00,P7D,FR,2462887.0,2374305.0,-88582.0,172759.0,84177.0,84177.0,501.05357142857144
2022-12-05 00:00:00+00:00,P7D,FR,2374305.0,2190805.0,-183500.0,270132.0,86632.0,86632.0,515.6666666666666
2022-12-12 00:00:00+00:00,P7D,FR,2190805.0,2142607.0,-48198.0,293382.0,245184.0,245184.0,1459.4285714285713
2022-12-19 00:00:00+00:00,P7D,FR,2142607.0,2284112.0,141505.0,373853.0,515358.0,515358.0,3067.6071428571427
2022-12-26 00:00:00+00:00,P7D,FR,2284112.0,2327857.0,43745.0,152561.0,196306.0,196306.0,1168.4880952380952
2023-01-02 00:00:00+00:00,P7D,FR,2327857.0,2347129.0,19272.0,138158.0,157430.0,157430.0,937.0833333333334
2023-01-09 00:00:00+00:00,P7D,FR,2347129.0,,,160480.0,160480.0,160480.0,955.2380952380952
